cell_id,hukum,ek_kosullar,toparlanma_orani,tur_onerisi,tetikleyen,ozet,ayrinti,zamanlama_notu_var
AKD_2023_02_000002,IZLE,ESKIDEN_ORMAN_DEGIL|DIK_YAMAC,,,prediction_status=low_severity,"İzle, müdahale etme. Yangın bu kareyi ağır yakmamış (düşük şiddet, dNBR 0,14).","Model bu rejimde tahmin üretmiyor. Kendi toparlanması bekleniyor, müdahale listesine alınmıyor. Yangın öncesi örtü nan idi; orman kurma değil, mevcut örtünün onarımı düşünülmeli. Eğim 57,9° ile yüksek; makineli çalışma sınırlı olabilir.",True
AKD_2023_02_000048,EROZYON_ONCE,ESKIDEN_ORMAN_DEGIL,0.1667,,toparlanma=0.17 egim=58.0>=25 <0.35,"Önce erozyon kontrolü. Ağır etkilenmiş ve eğim 58,0° — dikimden önce toprak tutma önlemi gerekiyor.","Modelin tahminine göre yangın öncesi örtünün ancak %17 kadarı iki yılda geri gelecek. Dik yamaçta çıplak toprak ilk sağanakta taşınır; stabilizasyon yapılmadan yapılan dikim de birlikte gider. Yangın öncesi örtü nan idi; orman kurma değil, mevcut örtünün onarımı düşünülmeli. Yetişme ortamı: Akdeniz kuşağı, 31 m, dik yamaç (25°+). Tür seçimi için yetişme ortamı rehberine başvurulmalı.",True
AKD_2023_02_000141,IZLE,ESKIDEN_ORMAN_DEGIL,,,prediction_status=low_severity,"İzle, müdahale etme. Yangın bu kareyi ağır yakmamış (düşük şiddet, dNBR 0,12).","Model bu rejimde tahmin üretmiyor. Kendi toparlanması bekleniyor, müdahale listesine alınmıyor. Yangın öncesi örtü nan idi; orman kurma değil, mevcut örtünün onarımı düşünülmeli.",True
AKD_2023_02_000148,IZLE,ESKIDEN_ORMAN_DEGIL,,,prediction_status=low_severity,"İzle, müdahale etme. Yangın bu kareyi ağır yakmamış (düşük şiddet, dNBR 0,15).","Model bu rejimde tahmin üretmiyor. Kendi toparlanması bekleniyor, müdahale listesine alınmıyor. Yangın öncesi örtü nan idi; orman kurma değil, mevcut örtünün onarımı düşünülmeli.",True
AKD_2023_02_000150,IZLE,ESKIDEN_ORMAN_DEGIL,,,prediction_status=low_severity,"İzle, müdahale etme. Yangın bu kareyi ağır yakmamış (düşük şiddet, dNBR 0,10).","Model bu rejimde tahmin üretmiyor. Kendi toparlanması bekleniyor, müdahale listesine alınmıyor. Yangın öncesi örtü nan idi; orman kurma değil, mevcut örtünün onarımı düşünülmeli.",True
AKD_2023_02_000168,IZLE,ESKIDEN_ORMAN_DEGIL,,,prediction_status=low_severity,"İzle, müdahale etme. Yangın bu kareyi ağır yakmamış (düşük şiddet, dNBR 0,10).","Model bu rejimde tahmin üretmiyor. Kendi toparlanması bekleniyor, müdahale listesine alınmıyor. Yangın öncesi örtü otlak ve çalılık idi; orman kurma değil, mevcut örtünün onarımı düşünülmeli.",True
AKD_2023_02_000186,EROZYON_ONCE,ESKIDEN_ORMAN_DEGIL,0.1557,,toparlanma=0.16 egim=57.7>=25 <0.35,"Önce erozyon kontrolü. Ağır etkilenmiş ve eğim 57,7° — dikimden önce toprak tutma önlemi gerekiyor.","Modelin tahminine göre yangın öncesi örtünün ancak %16 kadarı iki yılda geri gelecek. Dik yamaçta çıplak toprak ilk sağanakta taşınır; stabilizasyon yapılmadan yapılan dikim de birlikte gider. Yangın öncesi örtü nan idi; orman kurma değil, mevcut örtünün onarımı düşünülmeli. Yetişme ortamı: Akdeniz kuşağı, 47 m, dik yamaç (25°+). Tür seçimi için yetişme ortamı rehberine başvurulmalı.",True
AKD_2023_02_000187,IZLE,ESKIDEN_ORMAN_DEGIL,,,prediction_status=low_severity,"İzle, müdahale etme. Yangın bu kareyi ağır yakmamış (düşük şiddet, dNBR 0,16).","Model bu rejimde tahmin üretmiyor. Kendi toparlanması bekleniyor, müdahale listesine alınmıyor. Yangın öncesi örtü nan idi; orman kurma değil, mevcut örtünün onarımı düşünülmeli.",True
AKD_2023_02_000191,IZLE,ESKIDEN_ORMAN_DEGIL,,,prediction_status=low_severity,"İzle, müdahale etme. Yangın bu kareyi ağır yakmamış (düşük şiddet, dNBR 0,11).","Model bu rejimde tahmin üretmiyor. Kendi toparlanması bekleniyor, müdahale listesine alınmıyor. Yangın öncesi örtü nan idi; orman kurma değil, mevcut örtünün onarımı düşünülmeli.",True
AKD_2023_02_000195,IZLE,ESKIDEN_ORMAN_DEGIL,,,prediction_status=low_severity,"İzle, müdahale etme. Yangın bu kareyi ağır yakmamış (düşük şiddet, dNBR 0,14).","Model bu rejimde tahmin üretmiyor. Kendi toparlanması bekleniyor, müdahale listesine alınmıyor. Yangın öncesi örtü nan idi; orman kurma değil, mevcut örtünün onarımı düşünülmeli.",True
AKD_2023_02_000207,IZLE,ESKIDEN_ORMAN_DEGIL,,,prediction_status=low_severity,"İzle, müdahale etme. Yangın bu kareyi ağır yakmamış (düşük şiddet, dNBR 0,11).","Model bu rejimde tahmin üretmiyor. Kendi toparlanması bekleniyor, müdahale listesine alınmıyor. Yangın öncesi örtü nan idi; orman kurma değil, mevcut örtünün onarımı düşünülmeli.",True
AKD_2023_02_000208,KAPSAM_DISI,,,,land_cover=Tarim,"Ağaçlandırma kapsamı dışı. Bu kare tarım alanı olarak sınıflanmış, orman rehabilitasyonu hedefi değil.",Öncelik sıralamasına dahil edilmiyor.,False
AKD_2023_02_000232,IZLE,ESKIDEN_ORMAN_DEGIL|DIK_YAMAC,,,prediction_status=low_severity,"İzle, müdahale etme. Yangın bu kareyi ağır yakmamış (düşük şiddet, dNBR 0,11).","Model bu rejimde tahmin üretmiyor. Kendi toparlanması bekleniyor, müdahale listesine alınmıyor. Yangın öncesi örtü nan idi; orman kurma değil, mevcut örtünün onarımı düşünülmeli. Eğim 53,3° ile yüksek; makineli çalışma sınırlı olabilir.",True
AKD_2023_02_000233,IZLE,ESKIDEN_ORMAN_DEGIL,,,prediction_status=low_severity,"İzle, müdahale etme. Yangın bu kareyi ağır yakmamış (düşük şiddet, dNBR 0,16).","Model bu rejimde tahmin üretmiyor. Kendi toparlanması bekleniyor, müdahale listesine alınmıyor. Yangın öncesi örtü nan idi; orman kurma değil, mevcut örtünün onarımı düşünülmeli.",True
AKD_2023_02_000237,IZLE,ESKIDEN_ORMAN_DEGIL,,,prediction_status=low_severity,"İzle, müdahale etme. Yangın bu kareyi ağır yakmamış (düşük şiddet, dNBR 0,19).","Model bu rejimde tahmin üretmiyor. Kendi toparlanması bekleniyor, müdahale listesine alınmıyor. Yangın öncesi örtü nan idi; orman kurma değil, mevcut örtünün onarımı düşünülmeli.",True
AKD_2023_02_000254,KAPSAM_DISI,,,,land_cover=Tarim,"Ağaçlandırma kapsamı dışı. Bu kare tarım alanı olarak sınıflanmış, orman rehabilitasyonu hedefi değil.",Öncelik sıralamasına dahil edilmiyor.,False
AKD_2023_02_000278,IZLE,ESKIDEN_ORMAN_DEGIL|DIK_YAMAC,,,prediction_status=low_severity,"İzle, müdahale etme. Yangın bu kareyi ağır yakmamış (düşük şiddet, dNBR 0,20).","Model bu rejimde tahmin üretmiyor. Kendi toparlanması bekleniyor, müdahale listesine alınmıyor. Yangın öncesi örtü nan idi; orman kurma değil, mevcut örtünün onarımı düşünülmeli. Eğim 30,3° ile yüksek; makineli çalışma sınırlı olabilir.",True
AKD_2023_02_000279,IZLE,ESKIDEN_ORMAN_DEGIL,,,prediction_status=low_severity,"İzle, müdahale etme. Yangın bu kareyi ağır yakmamış (düşük şiddet, dNBR 0,18).","Model bu rejimde tahmin üretmiyor. Kendi toparlanması bekleniyor, müdahale listesine alınmıyor. Yangın öncesi örtü nan idi; orman kurma değil, mevcut örtünün onarımı düşünülmeli.",True
AKD_2023_02_000283,IZLE,ESKIDEN_ORMAN_DEGIL,,,prediction_status=low_severity,"İzle, müdahale etme. Yangın bu kareyi ağır yakmamış (düşük şiddet, dNBR 0,18).","Model bu rejimde tahmin üretmiyor. Kendi toparlanması bekleniyor, müdahale listesine alınmıyor. Yangın öncesi örtü nan idi; orman kurma değil, mevcut örtünün onarımı düşünülmeli.",True
AKD_2023_02_000284,IZLE,ESKIDEN_ORMAN_DEGIL,,,prediction_status=low_severity,"İzle, müdahale etme. Yangın bu kareyi ağır yakmamış (düşük şiddet, dNBR 0,18).","Model bu rejimde tahmin üretmiyor. Kendi toparlanması bekleniyor, müdahale listesine alınmıyor. Yangın öncesi örtü nan idi; orman kurma değil, mevcut örtünün onarımı düşünülmeli.",True
AKD_2023_02_000330,IZLE,ESKIDEN_ORMAN_DEGIL,,,prediction_status=low_severity,"İzle, müdahale etme. Yangın bu kareyi ağır yakmamış (düşük şiddet, dNBR 0,15).","Model bu rejimde tahmin üretmiyor. Kendi toparlanması bekleniyor, müdahale listesine alınmıyor. Yangın öncesi örtü nan idi; orman kurma değil, mevcut örtünün onarımı düşünülmeli.",True
AKD_2023_02_000348,IZLE,ESKIDEN_ORMAN_DEGIL,,,prediction_status=low_severity,"İzle, müdahale etme. Yangın bu kareyi ağır yakmamış (düşük şiddet, dNBR 0,11).","Model bu rejimde tahmin üretmiyor. Kendi toparlanması bekleniyor, müdahale listesine alınmıyor. Yangın öncesi örtü otlak ve çalılık idi; orman kurma değil, mevcut örtünün onarımı düşünülmeli.",True
AKD_2023_02_000376,IZLE,ESKIDEN_ORMAN_DEGIL,,,prediction_status=low_severity,"İzle, müdahale etme. Yangın bu kareyi ağır yakmamış (düşük şiddet, dNBR 0,11).","Model bu rejimde tahmin üretmiyor. Kendi toparlanması bekleniyor, müdahale listesine alınmıyor. Yangın öncesi örtü nan idi; orman kurma değil, mevcut örtünün onarımı düşünülmeli.",True
AKD_2023_02_000423,IZLE,ESKIDEN_ORMAN_DEGIL,,,prediction_status=low_severity,"İzle, müdahale etme. Yangın bu kareyi ağır yakmamış (düşük şiddet, dNBR 0,17).","Model bu rejimde tahmin üretmiyor. Kendi toparlanması bekleniyor, müdahale listesine alınmıyor. Yangın öncesi örtü nan idi; orman kurma değil, mevcut örtünün onarımı düşünülmeli.",True
AKD_2023_02_000639,IZLE,,,,prediction_status=low_severity,"İzle, müdahale etme. Yangın bu kareyi ağır yakmamış (düşük şiddet, dNBR 0,10).","Model bu rejimde tahmin üretmiyor. Kendi toparlanması bekleniyor, müdahale listesine alınmıyor.",True
AKD_2023_02_000682,IZLE,ESKIDEN_ORMAN_DEGIL,,,prediction_status=low_severity,"İzle, müdahale etme. Yangın bu kareyi ağır yakmamış (düşük şiddet, dNBR 0,11).","Model bu rejimde tahmin üretmiyor. Kendi toparlanması bekleniyor, müdahale listesine alınmıyor. Yangın öncesi örtü otlak ve çalılık idi; orman kurma değil, mevcut örtünün onarımı düşünülmeli.",True
AKD_2023_02_000685,IZLE,ESKIDEN_ORMAN_DEGIL,,,prediction_status=low_severity,"İzle, müdahale etme. Yangın bu kareyi ağır yakmamış (düşük şiddet, dNBR 0,14).","Model bu rejimde tahmin üretmiyor. Kendi toparlanması bekleniyor, müdahale listesine alınmıyor. Yangın öncesi örtü otlak ve çalılık idi; orman kurma değil, mevcut örtünün onarımı düşünülmeli.",True
AKD_2023_02_000730,IZLE,,,,prediction_status=low_severity,"İzle, müdahale etme. Yangın bu kareyi ağır yakmamış (düşük şiddet, dNBR 0,14).","Model bu rejimde tahmin üretmiyor. Kendi toparlanması bekleniyor, müdahale listesine alınmıyor.",True
AKD_2023_02_000731,IZLE,,,,prediction_status=low_severity,"İzle, müdahale etme. Yangın bu kareyi ağır yakmamış (düşük şiddet, dNBR 0,14).","Model bu rejimde tahmin üretmiyor. Kendi toparlanması bekleniyor, müdahale listesine alınmıyor.",True
AKD_2023_02_000776,IZLE,ESKIDEN_ORMAN_DEGIL,,,prediction_status=low_severity,"İzle, müdahale etme. Yangın bu kareyi ağır yakmamış (düşük şiddet, dNBR 0,13).","Model bu rejimde tahmin üretmiyor. Kendi toparlanması bekleniyor, müdahale listesine alınmıyor. Yangın öncesi örtü otlak ve çalılık idi; orman kurma değil, mevcut örtünün onarımı düşünülmeli.",True
AKD_2023_02_000815,IZLE,,,,prediction_status=low_severity,"İzle, müdahale etme. Yangın bu kareyi ağır yakmamış (düşük şiddet, dNBR 0,13).","Model bu rejimde tahmin üretmiyor. Kendi toparlanması bekleniyor, müdahale listesine alınmıyor.",True
AKD_2023_02_000825,KAPSAM_DISI,,,,land_cover=Yerlesim,"Ağaçlandırma kapsamı dışı. Bu kare yerleşim alanı olarak sınıflanmış, orman rehabilitasyonu hedefi değil.",Öncelik sıralamasına dahil edilmiyor.,False
AKD_2023_02_000826,KAPSAM_DISI,,,,land_cover=Yerlesim,"Ağaçlandırma kapsamı dışı. Bu kare yerleşim alanı olarak sınıflanmış, orman rehabilitasyonu hedefi değil.",Öncelik sıralamasına dahil edilmiyor.,False
AKD_2023_02_000910,IZLE,ESKIDEN_ORMAN_DEGIL,,,prediction_status=low_severity,"İzle, müdahale etme. Yangın bu kareyi ağır yakmamış (düşük şiddet, dNBR 0,12).","Model bu rejimde tahmin üretmiyor. Kendi toparlanması bekleniyor, müdahale listesine alınmıyor. Yangın öncesi örtü otlak ve çalılık idi; orman kurma değil, mevcut örtünün onarımı düşünülmeli.",True
AKD_2023_02_000911,IZLE,,,,prediction_status=low_severity,"İzle, müdahale etme. Yangın bu kareyi ağır yakmamış (düşük şiddet, dNBR 0,10).","Model bu rejimde tahmin üretmiyor. Kendi toparlanması bekleniyor, müdahale listesine alınmıyor.",True
AKD_2023_02_000941,IZLE,ESKIDEN_ORMAN_DEGIL,,,prediction_status=low_severity,"İzle, müdahale etme. Yangın bu kareyi ağır yakmamış (düşük şiddet, dNBR 0,14).","Model bu rejimde tahmin üretmiyor. Kendi toparlanması bekleniyor, müdahale listesine alınmıyor. Yangın öncesi örtü nan idi; orman kurma değil, mevcut örtünün onarımı düşünülmeli.",True
AKD_2023_02_000942,IZLE,ESKIDEN_ORMAN_DEGIL,,,prediction_status=low_severity,"İzle, müdahale etme. Yangın bu kareyi ağır yakmamış (düşük şiddet, dNBR 0,21).","Model bu rejimde tahmin üretmiyor. Kendi toparlanması bekleniyor, müdahale listesine alınmıyor. Yangın öncesi örtü nan idi; orman kurma değil, mevcut örtünün onarımı düşünülmeli.",True
AKD_2023_02_000943,DIKIM_ADAYI,,0.2675,"kızılçam, fıstıkçamı",toparlanma=0.27 <0.35,"Aktif dikim adayı. Doğal toparlanma zayıf kalıyor, eğim (11,0°) dikime elverişli.","Modelin tahminine göre yangın öncesi örtünün ancak %27 kadarı iki yılda geri gelecek — kendi başına kapanmayacak bir açık var. Yetişme ortamı: Akdeniz kuşağı, 320 m, orta eğimli (10–25°). Bu koşullar için önerilen türler: kızılçam, fıstıkçamı. Tür önerisi sistemin çıkarımı değil, dışarıdan verilen tablodan okunmuştur. Tablo: ÖRNEK TABLO — OGM tür-yetişme ortamı rehberi ile değiştirilecek",True
AKD_2023_02_000957,IZLE,ESKIDEN_ORMAN_DEGIL,,,prediction_status=low_severity,"İzle, müdahale etme. Yangın bu kareyi ağır yakmamış (düşük şiddet, dNBR 0,12).","Model bu rejimde tahmin üretmiyor. Kendi toparlanması bekleniyor, müdahale listesine alınmıyor. Yangın öncesi örtü otlak ve çalılık idi; orman kurma değil, mevcut örtünün onarımı düşünülmeli.",True
AKD_2023_02_000958,IZLE,ESKIDEN_ORMAN_DEGIL,,,prediction_status=low_severity,"İzle, müdahale etme. Yangın bu kareyi ağır yakmamış (düşük şiddet, dNBR 0,12).","Model bu rejimde tahmin üretmiyor. Kendi toparlanması bekleniyor, müdahale listesine alınmıyor. Yangın öncesi örtü otlak ve çalılık idi; orman kurma değil, mevcut örtünün onarımı düşünülmeli.",True
AKD_2023_02_000987,IZLE,ESKIDEN_ORMAN_DEGIL,,,prediction_status=low_severity,"İzle, müdahale etme. Yangın bu kareyi ağır yakmamış (düşük şiddet, dNBR 0,23).","Model bu rejimde tahmin üretmiyor. Kendi toparlanması bekleniyor, müdahale listesine alınmıyor. Yangın öncesi örtü nan idi; orman kurma değil, mevcut örtünün onarımı düşünülmeli.",True
AKD_2023_02_000988,IZLE,ESKIDEN_ORMAN_DEGIL,,,prediction_status=low_severity,"İzle, müdahale etme. Yangın bu kareyi ağır yakmamış (düşük şiddet, dNBR 0,16).","Model bu rejimde tahmin üretmiyor. Kendi toparlanması bekleniyor, müdahale listesine alınmıyor. Yangın öncesi örtü nan idi; orman kurma değil, mevcut örtünün onarımı düşünülmeli.",True
AKD_2023_02_000989,DIKIM_ADAYI,,0.1811,"kızılçam, fıstıkçamı",toparlanma=0.18 <0.35,"Aktif dikim adayı. Doğal toparlanma zayıf kalıyor, eğim (11,2°) dikime elverişli.","Modelin tahminine göre yangın öncesi örtünün ancak %18 kadarı iki yılda geri gelecek — kendi başına kapanmayacak bir açık var. Yetişme ortamı: Akdeniz kuşağı, 359 m, orta eğimli (10–25°). Bu koşullar için önerilen türler: kızılçam, fıstıkçamı. Tür önerisi sistemin çıkarımı değil, dışarıdan verilen tablodan okunmuştur. Tablo: ÖRNEK TABLO — OGM tür-yetişme ortamı rehberi ile değiştirilecek",True
AKD_2023_02_001001,IZLE,,,,prediction_status=low_severity,"İzle, müdahale etme. Yangın bu kareyi ağır yakmamış (düşük şiddet, dNBR 0,11).","Model bu rejimde tahmin üretmiyor. Kendi toparlanması bekleniyor, müdahale listesine alınmıyor.",True
AKD_2023_02_001002,IZLE,ESKIDEN_ORMAN_DEGIL,,,prediction_status=low_severity,"İzle, müdahale etme. Yangın bu kareyi ağır yakmamış (düşük şiddet, dNBR 0,15).","Model bu rejimde tahmin üretmiyor. Kendi toparlanması bekleniyor, müdahale listesine alınmıyor. Yangın öncesi örtü otlak ve çalılık idi; orman kurma değil, mevcut örtünün onarımı düşünülmeli.",True
AKD_2023_02_001003,IZLE,ESKIDEN_ORMAN_DEGIL,,,prediction_status=low_severity,"İzle, müdahale etme. Yangın bu kareyi ağır yakmamış (düşük şiddet, dNBR 0,14).","Model bu rejimde tahmin üretmiyor. Kendi toparlanması bekleniyor, müdahale listesine alınmıyor. Yangın öncesi örtü otlak ve çalılık idi; orman kurma değil, mevcut örtünün onarımı düşünülmeli.",True
AKD_2023_02_001004,IZLE,ESKIDEN_ORMAN_DEGIL,,,prediction_status=low_severity,"İzle, müdahale etme. Yangın bu kareyi ağır yakmamış (düşük şiddet, dNBR 0,10).","Model bu rejimde tahmin üretmiyor. Kendi toparlanması bekleniyor, müdahale listesine alınmıyor. Yangın öncesi örtü otlak ve çalılık idi; orman kurma değil, mevcut örtünün onarımı düşünülmeli.",True
AKD_2023_02_001033,IZLE,ESKIDEN_ORMAN_DEGIL,,,prediction_status=low_severity,"İzle, müdahale etme. Yangın bu kareyi ağır yakmamış (düşük şiddet, dNBR 0,13).","Model bu rejimde tahmin üretmiyor. Kendi toparlanması bekleniyor, müdahale listesine alınmıyor. Yangın öncesi örtü nan idi; orman kurma değil, mevcut örtünün onarımı düşünülmeli.",True
AKD_2023_02_001034,IZLE,ESKIDEN_ORMAN_DEGIL,,,prediction_status=low_severity,"İzle, müdahale etme. Yangın bu kareyi ağır yakmamış (düşük şiddet, dNBR 0,16).","Model bu rejimde tahmin üretmiyor. Kendi toparlanması bekleniyor, müdahale listesine alınmıyor. Yangın öncesi örtü otlak ve çalılık idi; orman kurma değil, mevcut örtünün onarımı düşünülmeli.",True
AKD_2023_02_001035,IZLE,,,,prediction_status=low_severity,"İzle, müdahale etme. Yangın bu kareyi ağır yakmamış (düşük şiddet, dNBR 0,21).","Model bu rejimde tahmin üretmiyor. Kendi toparlanması bekleniyor, müdahale listesine alınmıyor.",True
AKD_2023_02_001036,IZLE,,,,prediction_status=low_severity,"İzle, müdahale etme. Yangın bu kareyi ağır yakmamış (düşük şiddet, dNBR 0,23).","Model bu rejimde tahmin üretmiyor. Kendi toparlanması bekleniyor, müdahale listesine alınmıyor.",True
AKD_2023_02_001048,IZLE,ESKIDEN_ORMAN_DEGIL,,,prediction_status=low_severity,"İzle, müdahale etme. Yangın bu kareyi ağır yakmamış (düşük şiddet, dNBR 0,11).","Model bu rejimde tahmin üretmiyor. Kendi toparlanması bekleniyor, müdahale listesine alınmıyor. Yangın öncesi örtü otlak ve çalılık idi; orman kurma değil, mevcut örtünün onarımı düşünülmeli.",True
AKD_2023_02_001049,IZLE,ESKIDEN_ORMAN_DEGIL,,,prediction_status=low_severity,"İzle, müdahale etme. Yangın bu kareyi ağır yakmamış (düşük şiddet, dNBR 0,18).","Model bu rejimde tahmin üretmiyor. Kendi toparlanması bekleniyor, müdahale listesine alınmıyor. Yangın öncesi örtü otlak ve çalılık idi; orman kurma değil, mevcut örtünün onarımı düşünülmeli.",True
AKD_2023_02_001081,IZLE,,,,prediction_status=low_severity,"İzle, müdahale etme. Yangın bu kareyi ağır yakmamış (düşük şiddet, dNBR 0,26).","Model bu rejimde tahmin üretmiyor. Kendi toparlanması bekleniyor, müdahale listesine alınmıyor.",True
AKD_2023_02_001082,IZLE,,,,prediction_status=low_severity,"İzle, müdahale etme. Yangın bu kareyi ağır yakmamış (düşük şiddet, dNBR 0,25).","Model bu rejimde tahmin üretmiyor. Kendi toparlanması bekleniyor, müdahale listesine alınmıyor.",True
AKD_2023_02_001083,IZLE,,,,prediction_status=low_severity,"İzle, müdahale etme. Yangın bu kareyi ağır yakmamış (düşük şiddet, dNBR 0,14).","Model bu rejimde tahmin üretmiyor. Kendi toparlanması bekleniyor, müdahale listesine alınmıyor.",True
AKD_2023_02_001094,IZLE,ESKIDEN_ORMAN_DEGIL,,,prediction_status=low_severity,"İzle, müdahale etme. Yangın bu kareyi ağır yakmamış (düşük şiddet, dNBR 0,13).","Model bu rejimde tahmin üretmiyor. Kendi toparlanması bekleniyor, müdahale listesine alınmıyor. Yangın öncesi örtü otlak ve çalılık idi; orman kurma değil, mevcut örtünün onarımı düşünülmeli.",True
AKD_2023_02_001095,IZLE,ESKIDEN_ORMAN_DEGIL,,,prediction_status=low_severity,"İzle, müdahale etme. Yangın bu kareyi ağır yakmamış (düşük şiddet, dNBR 0,14).","Model bu rejimde tahmin üretmiyor. Kendi toparlanması bekleniyor, müdahale listesine alınmıyor. Yangın öncesi örtü otlak ve çalılık idi; orman kurma değil, mevcut örtünün onarımı düşünülmeli.",True
AKD_2023_02_001096,IZLE,ESKIDEN_ORMAN_DEGIL,,,prediction_status=low_severity,"İzle, müdahale etme. Yangın bu kareyi ağır yakmamış (düşük şiddet, dNBR 0,17).","Model bu rejimde tahmin üretmiyor. Kendi toparlanması bekleniyor, müdahale listesine alınmıyor. Yangın öncesi örtü otlak ve çalılık idi; orman kurma değil, mevcut örtünün onarımı düşünülmeli.",True
AKD_2023_02_001123,IZLE,ESKIDEN_ORMAN_DEGIL,,,prediction_status=low_severity,"İzle, müdahale etme. Yangın bu kareyi ağır yakmamış (düşük şiddet, dNBR 0,10).","Model bu rejimde tahmin üretmiyor. Kendi toparlanması bekleniyor, müdahale listesine alınmıyor. Yangın öncesi örtü nan idi; orman kurma değil, mevcut örtünün onarımı düşünülmeli.",True
AKD_2023_02_001127,IZLE,,,,prediction_status=low_severity,"İzle, müdahale etme. Yangın bu kareyi ağır yakmamış (düşük şiddet, dNBR 0,26).","Model bu rejimde tahmin üretmiyor. Kendi toparlanması bekleniyor, müdahale listesine alınmıyor.",True
AKD_2023_02_001128,DIKIM_ADAYI,,0.0,"kızılçam, fıstıkçamı",toparlanma=0.00 <0.35,"Aktif dikim adayı. Doğal toparlanma zayıf kalıyor, eğim (14,1°) dikime elverişli.","Modelin tahminine göre yangın öncesi örtünün ancak %0 kadarı iki yılda geri gelecek — kendi başına kapanmayacak bir açık var. Yetişme ortamı: Akdeniz kuşağı, 459 m, orta eğimli (10–25°). Bu koşullar için önerilen türler: kızılçam, fıstıkçamı. Tür önerisi sistemin çıkarımı değil, dışarıdan verilen tablodan okunmuştur. Tablo: ÖRNEK TABLO — OGM tür-yetişme ortamı rehberi ile değiştirilecek",True
AKD_2023_02_001129,IZLE,,,,prediction_status=low_severity,"İzle, müdahale etme. Yangın bu kareyi ağır yakmamış (düşük şiddet, dNBR 0,23).","Model bu rejimde tahmin üretmiyor. Kendi toparlanması bekleniyor, müdahale listesine alınmıyor.",True
AKD_2023_02_001141,IZLE,,,,prediction_status=low_severity,"İzle, müdahale etme. Yangın bu kareyi ağır yakmamış (düşük şiddet, dNBR 0,14).","Model bu rejimde tahmin üretmiyor. Kendi toparlanması bekleniyor, müdahale listesine alınmıyor.",True
AKD_2023_02_001170,IZLE,ESKIDEN_ORMAN_DEGIL,,,prediction_status=low_severity,"İzle, müdahale etme. Yangın bu kareyi ağır yakmamış (düşük şiddet, dNBR 0,16).","Model bu rejimde tahmin üretmiyor. Kendi toparlanması bekleniyor, müdahale listesine alınmıyor. Yangın öncesi örtü nan idi; orman kurma değil, mevcut örtünün onarımı düşünülmeli.",True
AKD_2023_02_001171,IZLE,ESKIDEN_ORMAN_DEGIL,,,prediction_status=low_severity,"İzle, müdahale etme. Yangın bu kareyi ağır yakmamış (düşük şiddet, dNBR 0,11).","Model bu rejimde tahmin üretmiyor. Kendi toparlanması bekleniyor, müdahale listesine alınmıyor. Yangın öncesi örtü nan idi; orman kurma değil, mevcut örtünün onarımı düşünülmeli.",True
AKD_2023_02_001172,DIKIM_ADAYI,,0.1185,"kızılçam, fıstıkçamı",toparlanma=0.12 <0.35,"Aktif dikim adayı. Doğal toparlanma zayıf kalıyor, eğim (16,6°) dikime elverişli.","Modelin tahminine göre yangın öncesi örtünün ancak %12 kadarı iki yılda geri gelecek — kendi başına kapanmayacak bir açık var. Yetişme ortamı: Akdeniz kuşağı, 581 m, orta eğimli (10–25°). Bu koşullar için önerilen türler: kızılçam, fıstıkçamı. Tür önerisi sistemin çıkarımı değil, dışarıdan verilen tablodan okunmuştur. Tablo: ÖRNEK TABLO — OGM tür-yetişme ortamı rehberi ile değiştirilecek",True
AKD_2023_02_001173,IZLE,,,,prediction_status=low_severity,"İzle, müdahale etme. Yangın bu kareyi ağır yakmamış (düşük şiddet, dNBR 0,22).","Model bu rejimde tahmin üretmiyor. Kendi toparlanması bekleniyor, müdahale listesine alınmıyor.",True
AKD_2023_02_001174,DIKIM_ADAYI,,0.13,"kızılçam, fıstıkçamı",toparlanma=0.13 <0.35,"Aktif dikim adayı. Doğal toparlanma zayıf kalıyor, eğim (16,2°) dikime elverişli.","Modelin tahminine göre yangın öncesi örtünün ancak %13 kadarı iki yılda geri gelecek — kendi başına kapanmayacak bir açık var. Yetişme ortamı: Akdeniz kuşağı, 524 m, orta eğimli (10–25°). Bu koşullar için önerilen türler: kızılçam, fıstıkçamı. Tür önerisi sistemin çıkarımı değil, dışarıdan verilen tablodan okunmuştur. Tablo: ÖRNEK TABLO — OGM tür-yetişme ortamı rehberi ile değiştirilecek",True
AKD_2023_02_001175,IZLE,,,,prediction_status=low_severity,"İzle, müdahale etme. Yangın bu kareyi ağır yakmamış (düşük şiddet, dNBR 0,23).","Model bu rejimde tahmin üretmiyor. Kendi toparlanması bekleniyor, müdahale listesine alınmıyor.",True
AKD_2023_02_001216,IZLE,ESKIDEN_ORMAN_DEGIL,,,prediction_status=low_severity,"İzle, müdahale etme. Yangın bu kareyi ağır yakmamış (düşük şiddet, dNBR 0,12).","Model bu rejimde tahmin üretmiyor. Kendi toparlanması bekleniyor, müdahale listesine alınmıyor. Yangın öncesi örtü nan idi; orman kurma değil, mevcut örtünün onarımı düşünülmeli.",True
AKD_2023_02_001217,IZLE,ESKIDEN_ORMAN_DEGIL,,,prediction_status=low_severity,"İzle, müdahale etme. Yangın bu kareyi ağır yakmamış (düşük şiddet, dNBR 0,19).","Model bu rejimde tahmin üretmiyor. Kendi toparlanması bekleniyor, müdahale listesine alınmıyor. Yangın öncesi örtü nan idi; orman kurma değil, mevcut örtünün onarımı düşünülmeli.",True
AKD_2023_02_001218,DIKIM_ADAYI,,0.0,"kızılçam, fıstıkçamı",toparlanma=0.00 <0.35,"Aktif dikim adayı. Doğal toparlanma zayıf kalıyor, eğim (21,7°) dikime elverişli.","Modelin tahminine göre yangın öncesi örtünün ancak %0 kadarı iki yılda geri gelecek — kendi başına kapanmayacak bir açık var. Yetişme ortamı: Akdeniz kuşağı, 648 m, orta eğimli (10–25°). Bu koşullar için önerilen türler: kızılçam, fıstıkçamı. Tür önerisi sistemin çıkarımı değil, dışarıdan verilen tablodan okunmuştur. Tablo: ÖRNEK TABLO — OGM tür-yetişme ortamı rehberi ile değiştirilecek",True
AKD_2023_02_001219,DIKIM_ADAYI,,0.0,"kızılçam, fıstıkçamı",toparlanma=0.00 <0.35,"Aktif dikim adayı. Doğal toparlanma zayıf kalıyor, eğim (23,0°) dikime elverişli.","Modelin tahminine göre yangın öncesi örtünün ancak %0 kadarı iki yılda geri gelecek — kendi başına kapanmayacak bir açık var. Yetişme ortamı: Akdeniz kuşağı, 635 m, orta eğimli (10–25°). Bu koşullar için önerilen türler: kızılçam, fıstıkçamı. Tür önerisi sistemin çıkarımı değil, dışarıdan verilen tablodan okunmuştur. Tablo: ÖRNEK TABLO — OGM tür-yetişme ortamı rehberi ile değiştirilecek",True
AKD_2023_02_001220,IZLE,DIK_YAMAC,,,prediction_status=low_severity,"İzle, müdahale etme. Yangın bu kareyi ağır yakmamış (düşük şiddet, dNBR 0,26).","Model bu rejimde tahmin üretmiyor. Kendi toparlanması bekleniyor, müdahale listesine alınmıyor. Eğim 27,1° ile yüksek; makineli çalışma sınırlı olabilir.",True
AKD_2023_02_001221,DIKIM_ADAYI,,0.0424,"kızılçam, fıstıkçamı",toparlanma=0.04 <0.35,"Aktif dikim adayı. Doğal toparlanma zayıf kalıyor, eğim (20,8°) dikime elverişli.","Modelin tahminine göre yangın öncesi örtünün ancak %4 kadarı iki yılda geri gelecek — kendi başına kapanmayacak bir açık var. Yetişme ortamı: Akdeniz kuşağı, 455 m, orta eğimli (10–25°). Bu koşullar için önerilen türler: kızılçam, fıstıkçamı. Tür önerisi sistemin çıkarımı değil, dışarıdan verilen tablodan okunmuştur. Tablo: ÖRNEK TABLO — OGM tür-yetişme ortamı rehberi ile değiştirilecek",True
AKD_2023_02_001222,DIKIM_ADAYI,,0.1273,"kızılçam, fıstıkçamı",toparlanma=0.13 <0.35,"Aktif dikim adayı. Doğal toparlanma zayıf kalıyor, eğim (21,0°) dikime elverişli.","Modelin tahminine göre yangın öncesi örtünün ancak %13 kadarı iki yılda geri gelecek — kendi başına kapanmayacak bir açık var. Yetişme ortamı: Akdeniz kuşağı, 448 m, orta eğimli (10–25°). Bu koşullar için önerilen türler: kızılçam, fıstıkçamı. Tür önerisi sistemin çıkarımı değil, dışarıdan verilen tablodan okunmuştur. Tablo: ÖRNEK TABLO — OGM tür-yetişme ortamı rehberi ile değiştirilecek",True
AKD_2023_02_001263,IZLE,ESKIDEN_ORMAN_DEGIL,,,prediction_status=low_severity,"İzle, müdahale etme. Yangın bu kareyi ağır yakmamış (düşük şiddet, dNBR 0,10).","Model bu rejimde tahmin üretmiyor. Kendi toparlanması bekleniyor, müdahale listesine alınmıyor. Yangın öncesi örtü nan idi; orman kurma değil, mevcut örtünün onarımı düşünülmeli.",True
AKD_2023_02_001264,KAPSAM_DISI,,0.1451,,land_cover=Yerlesim,"Ağaçlandırma kapsamı dışı. Bu kare yerleşim alanı olarak sınıflanmış, orman rehabilitasyonu hedefi değil.",Öncelik sıralamasına dahil edilmiyor.,False
AKD_2023_02_001265,EROZYON_ONCE,ESKIDEN_ORMAN_DEGIL,0.0,"maki türleri, kermes meşesi",toparlanma=0.00 egim=31.6>=25 <0.35,"Önce erozyon kontrolü. Ağır etkilenmiş ve eğim 31,6° — dikimden önce toprak tutma önlemi gerekiyor.","Modelin tahminine göre yangın öncesi örtünün ancak %0 kadarı iki yılda geri gelecek. Dik yamaçta çıplak toprak ilk sağanakta taşınır; stabilizasyon yapılmadan yapılan dikim de birlikte gider. Yangın öncesi örtü otlak ve çalılık idi; orman kurma değil, mevcut örtünün onarımı düşünülmeli. Yetişme ortamı: Akdeniz kuşağı, 612 m, dik yamaç (25°+). Bu koşullar için önerilen türler: maki türleri, kermes meşesi. Tür önerisi sistemin çıkarımı değil, dışarıdan verilen tablodan okunmuştur. Tablo: ÖRNEK TABLO — OGM tür-yetişme ortamı rehberi ile değiştirilecek",True
AKD_2023_02_001266,DIKIM_ADAYI,,0.0364,"kızılçam, fıstıkçamı",toparlanma=0.04 <0.35,"Aktif dikim adayı. Doğal toparlanma zayıf kalıyor, eğim (22,3°) dikime elverişli.","Modelin tahminine göre yangın öncesi örtünün ancak %4 kadarı iki yılda geri gelecek — kendi başına kapanmayacak bir açık var. Yetişme ortamı: Akdeniz kuşağı, 504 m, orta eğimli (10–25°). Bu koşullar için önerilen türler: kızılçam, fıstıkçamı. Tür önerisi sistemin çıkarımı değil, dışarıdan verilen tablodan okunmuştur. Tablo: ÖRNEK TABLO — OGM tür-yetişme ortamı rehberi ile değiştirilecek",True
AKD_2023_02_001267,EROZYON_ONCE,,0.0,"kızılçam, fıstıkçamı",toparlanma=0.00 egim=28.0>=25 <0.35,"Önce erozyon kontrolü. Ağır etkilenmiş ve eğim 28,0° — dikimden önce toprak tutma önlemi gerekiyor.","Modelin tahminine göre yangın öncesi örtünün ancak %0 kadarı iki yılda geri gelecek. Dik yamaçta çıplak toprak ilk sağanakta taşınır; stabilizasyon yapılmadan yapılan dikim de birlikte gider. Yetişme ortamı: Akdeniz kuşağı, 563 m, dik yamaç (25°+). Bu koşullar için önerilen türler: kızılçam, fıstıkçamı. Tür önerisi sistemin çıkarımı değil, dışarıdan verilen tablodan okunmuştur. Tablo: ÖRNEK TABLO — OGM tür-yetişme ortamı rehberi ile değiştirilecek",True
AKD_2023_02_001268,IZLE,DIK_YAMAC,,,prediction_status=low_severity,"İzle, müdahale etme. Yangın bu kareyi ağır yakmamış (düşük şiddet, dNBR 0,23).","Model bu rejimde tahmin üretmiyor. Kendi toparlanması bekleniyor, müdahale listesine alınmıyor. Eğim 29,8° ile yüksek; makineli çalışma sınırlı olabilir.",True
AKD_2023_02_001309,IZLE,ESKIDEN_ORMAN_DEGIL,,,prediction_status=low_severity,"İzle, müdahale etme. Yangın bu kareyi ağır yakmamış (düşük şiddet, dNBR 0,26).","Model bu rejimde tahmin üretmiyor. Kendi toparlanması bekleniyor, müdahale listesine alınmıyor. Yangın öncesi örtü nan idi; orman kurma değil, mevcut örtünün onarımı düşünülmeli.",True
AKD_2023_02_001310,EROZYON_ONCE,,0.0262,"kızılçam, fıstıkçamı",toparlanma=0.03 egim=26.2>=25 <0.35,"Önce erozyon kontrolü. Ağır etkilenmiş ve eğim 26,2° — dikimden önce toprak tutma önlemi gerekiyor.","Modelin tahminine göre yangın öncesi örtünün ancak %3 kadarı iki yılda geri gelecek. Dik yamaçta çıplak toprak ilk sağanakta taşınır; stabilizasyon yapılmadan yapılan dikim de birlikte gider. Yetişme ortamı: Akdeniz kuşağı, 668 m, dik yamaç (25°+). Bu koşullar için önerilen türler: kızılçam, fıstıkçamı. Tür önerisi sistemin çıkarımı değil, dışarıdan verilen tablodan okunmuştur. Tablo: ÖRNEK TABLO — OGM tür-yetişme ortamı rehberi ile değiştirilecek",True
AKD_2023_02_001311,DIKIM_ADAYI,,0.0,"kızılçam, fıstıkçamı",toparlanma=0.00 <0.35,"Aktif dikim adayı. Doğal toparlanma zayıf kalıyor, eğim (22,1°) dikime elverişli.","Modelin tahminine göre yangın öncesi örtünün ancak %0 kadarı iki yılda geri gelecek — kendi başına kapanmayacak bir açık var. Yetişme ortamı: Akdeniz kuşağı, 562 m, orta eğimli (10–25°). Bu koşullar için önerilen türler: kızılçam, fıstıkçamı. Tür önerisi sistemin çıkarımı değil, dışarıdan verilen tablodan okunmuştur. Tablo: ÖRNEK TABLO — OGM tür-yetişme ortamı rehberi ile değiştirilecek",True
AKD_2023_02_001312,EROZYON_ONCE,,0.0,"kızılçam, fıstıkçamı",toparlanma=0.00 egim=25.7>=25 <0.35,"Önce erozyon kontrolü. Ağır etkilenmiş ve eğim 25,7° — dikimden önce toprak tutma önlemi gerekiyor.","Modelin tahminine göre yangın öncesi örtünün ancak %0 kadarı iki yılda geri gelecek. Dik yamaçta çıplak toprak ilk sağanakta taşınır; stabilizasyon yapılmadan yapılan dikim de birlikte gider. Yetişme ortamı: Akdeniz kuşağı, 564 m, dik yamaç (25°+). Bu koşullar için önerilen türler: kızılçam, fıstıkçamı. Tür önerisi sistemin çıkarımı değil, dışarıdan verilen tablodan okunmuştur. Tablo: ÖRNEK TABLO — OGM tür-yetişme ortamı rehberi ile değiştirilecek",True
AKD_2023_02_001313,DIKIM_ADAYI,AGIR_YANMIS,0.0,"kızılçam, fıstıkçamı",toparlanma=0.00 <0.35,"Aktif dikim adayı. Doğal toparlanma zayıf kalıyor, eğim (24,5°) dikime elverişli.","Modelin tahminine göre yangın öncesi örtünün ancak %0 kadarı iki yılda geri gelecek — kendi başına kapanmayacak bir açık var. Yangın orta-yüksek şiddet sınıfında (dNBR 0,45); toprak yüzeyi büyük olasılıkla açıkta. Yetişme ortamı: Akdeniz kuşağı, 660 m, orta eğimli (10–25°). Bu koşullar için önerilen türler: kızılçam, fıstıkçamı. Tür önerisi sistemin çıkarımı değil, dışarıdan verilen tablodan okunmuştur. Tablo: ÖRNEK TABLO — OGM tür-yetişme ortamı rehberi ile değiştirilecek",True
AKD_2023_02_001314,IZLE,DIK_YAMAC,,,prediction_status=low_severity,"İzle, müdahale etme. Yangın bu kareyi ağır yakmamış (düşük şiddet, dNBR 0,26).","Model bu rejimde tahmin üretmiyor. Kendi toparlanması bekleniyor, müdahale listesine alınmıyor. Eğim 34,9° ile yüksek; makineli çalışma sınırlı olabilir.",True
AKD_2023_02_001348,IZLE,ESKIDEN_ORMAN_DEGIL,,,prediction_status=low_severity,"İzle, müdahale etme. Yangın bu kareyi ağır yakmamış (düşük şiddet, dNBR 0,12).","Model bu rejimde tahmin üretmiyor. Kendi toparlanması bekleniyor, müdahale listesine alınmıyor. Yangın öncesi örtü nan idi; orman kurma değil, mevcut örtünün onarımı düşünülmeli.",True
AKD_2023_02_001355,DIKIM_ADAYI,ESKIDEN_ORMAN_DEGIL,0.1095,,toparlanma=0.11 <0.35,"Aktif dikim adayı. Doğal toparlanma zayıf kalıyor, eğim (19,0°) dikime elverişli.","Modelin tahminine göre yangın öncesi örtünün ancak %11 kadarı iki yılda geri gelecek — kendi başına kapanmayacak bir açık var. Yangın öncesi örtü nan idi; orman kurma değil, mevcut örtünün onarımı düşünülmeli. Yetişme ortamı: Akdeniz kuşağı, 819 m, orta eğimli (10–25°). Tür seçimi için yetişme ortamı rehberine başvurulmalı.",True
AKD_2023_02_001357,DIKIM_ADAYI,,0.0,"kızılçam, fıstıkçamı",toparlanma=0.00 <0.35,"Aktif dikim adayı. Doğal toparlanma zayıf kalıyor, eğim (24,9°) dikime elverişli.","Modelin tahminine göre yangın öncesi örtünün ancak %0 kadarı iki yılda geri gelecek — kendi başına kapanmayacak bir açık var. Yetişme ortamı: Akdeniz kuşağı, 605 m, orta eğimli (10–25°). Bu koşullar için önerilen türler: kızılçam, fıstıkçamı. Tür önerisi sistemin çıkarımı değil, dışarıdan verilen tablodan okunmuştur. Tablo: ÖRNEK TABLO — OGM tür-yetişme ortamı rehberi ile değiştirilecek",True
AKD_2023_02_001358,EROZYON_ONCE,,0.0,"kızılçam, fıstıkçamı",toparlanma=0.00 egim=26.8>=25 <0.35,"Önce erozyon kontrolü. Ağır etkilenmiş ve eğim 26,8° — dikimden önce toprak tutma önlemi gerekiyor.","Modelin tahminine göre yangın öncesi örtünün ancak %0 kadarı iki yılda geri gelecek. Dik yamaçta çıplak toprak ilk sağanakta taşınır; stabilizasyon yapılmadan yapılan dikim de birlikte gider. Yetişme ortamı: Akdeniz kuşağı, 611 m, dik yamaç (25°+). Bu koşullar için önerilen türler: kızılçam, fıstıkçamı. Tür önerisi sistemin çıkarımı değil, dışarıdan verilen tablodan okunmuştur. Tablo: ÖRNEK TABLO — OGM tür-yetişme ortamı rehberi ile değiştirilecek",True
AKD_2023_02_001359,DIKIM_ADAYI,,0.0,"kızılçam, fıstıkçamı",toparlanma=0.00 <0.35,"Aktif dikim adayı. Doğal toparlanma zayıf kalıyor, eğim (20,2°) dikime elverişli.","Modelin tahminine göre yangın öncesi örtünün ancak %0 kadarı iki yılda geri gelecek — kendi başına kapanmayacak bir açık var. Yetişme ortamı: Akdeniz kuşağı, 699 m, orta eğimli (10–25°). Bu koşullar için önerilen türler: kızılçam, fıstıkçamı. Tür önerisi sistemin çıkarımı değil, dışarıdan verilen tablodan okunmuştur. Tablo: ÖRNEK TABLO — OGM tür-yetişme ortamı rehberi ile değiştirilecek",True
AKD_2023_02_001360,EROZYON_ONCE,,0.0,"kızılçam, fıstıkçamı",toparlanma=0.00 egim=32.1>=25 <0.35,"Önce erozyon kontrolü. Ağır etkilenmiş ve eğim 32,1° — dikimden önce toprak tutma önlemi gerekiyor.","Modelin tahminine göre yangın öncesi örtünün ancak %0 kadarı iki yılda geri gelecek. Dik yamaçta çıplak toprak ilk sağanakta taşınır; stabilizasyon yapılmadan yapılan dikim de birlikte gider. Yetişme ortamı: Akdeniz kuşağı, 562 m, dik yamaç (25°+). Bu koşullar için önerilen türler: kızılçam, fıstıkçamı. Tür önerisi sistemin çıkarımı değil, dışarıdan verilen tablodan okunmuştur. Tablo: ÖRNEK TABLO — OGM tür-yetişme ortamı rehberi ile değiştirilecek",True
AKD_2023_02_001392,IZLE,ESKIDEN_ORMAN_DEGIL,,,prediction_status=low_severity,"İzle, müdahale etme. Yangın bu kareyi ağır yakmamış (düşük şiddet, dNBR 0,12).","Model bu rejimde tahmin üretmiyor. Kendi toparlanması bekleniyor, müdahale listesine alınmıyor. Yangın öncesi örtü nan idi; orman kurma değil, mevcut örtünün onarımı düşünülmeli.",True
AKD_2023_02_001394,IZLE,ESKIDEN_ORMAN_DEGIL,,,prediction_status=low_severity,"İzle, müdahale etme. Yangın bu kareyi ağır yakmamış (düşük şiddet, dNBR 0,11).","Model bu rejimde tahmin üretmiyor. Kendi toparlanması bekleniyor, müdahale listesine alınmıyor. Yangın öncesi örtü nan idi; orman kurma değil, mevcut örtünün onarımı düşünülmeli.",True
AKD_2023_02_001398,IZLE,ESKIDEN_ORMAN_DEGIL,,,prediction_status=low_severity,"İzle, müdahale etme. Yangın bu kareyi ağır yakmamış (düşük şiddet, dNBR 0,14).","Model bu rejimde tahmin üretmiyor. Kendi toparlanması bekleniyor, müdahale listesine alınmıyor. Yangın öncesi örtü nan idi; orman kurma değil, mevcut örtünün onarımı düşünülmeli.",True
AKD_2023_02_001399,IZLE,ESKIDEN_ORMAN_DEGIL,,,prediction_status=low_severity,"İzle, müdahale etme. Yangın bu kareyi ağır yakmamış (düşük şiddet, dNBR 0,21).","Model bu rejimde tahmin üretmiyor. Kendi toparlanması bekleniyor, müdahale listesine alınmıyor. Yangın öncesi örtü nan idi; orman kurma değil, mevcut örtünün onarımı düşünülmeli.",True
AKD_2023_02_001400,DIKIM_ADAYI,ESKIDEN_ORMAN_DEGIL,0.0819,,toparlanma=0.08 <0.35,"Aktif dikim adayı. Doğal toparlanma zayıf kalıyor, eğim (20,2°) dikime elverişli.","Modelin tahminine göre yangın öncesi örtünün ancak %8 kadarı iki yılda geri gelecek — kendi başına kapanmayacak bir açık var. Yangın öncesi örtü nan idi; orman kurma değil, mevcut örtünün onarımı düşünülmeli. Yetişme ortamı: Akdeniz kuşağı, 851 m, orta eğimli (10–25°). Tür seçimi için yetişme ortamı rehberine başvurulmalı.",True
AKD_2023_02_001401,EROZYON_ONCE,ESKIDEN_ORMAN_DEGIL,0.0,,toparlanma=0.00 egim=28.4>=25 <0.35,"Önce erozyon kontrolü. Ağır etkilenmiş ve eğim 28,4° — dikimden önce toprak tutma önlemi gerekiyor.","Modelin tahminine göre yangın öncesi örtünün ancak %0 kadarı iki yılda geri gelecek. Dik yamaçta çıplak toprak ilk sağanakta taşınır; stabilizasyon yapılmadan yapılan dikim de birlikte gider. Yangın öncesi örtü nan idi; orman kurma değil, mevcut örtünün onarımı düşünülmeli. Yetişme ortamı: Akdeniz kuşağı, 758 m, dik yamaç (25°+). Tür seçimi için yetişme ortamı rehberine başvurulmalı.",True
AKD_2023_02_001402,DIKIM_ADAYI,,0.0,"kızılçam, fıstıkçamı",toparlanma=0.00 <0.35,"Aktif dikim adayı. Doğal toparlanma zayıf kalıyor, eğim (20,7°) dikime elverişli.","Modelin tahminine göre yangın öncesi örtünün ancak %0 kadarı iki yılda geri gelecek — kendi başına kapanmayacak bir açık var. Yetişme ortamı: Akdeniz kuşağı, 676 m, orta eğimli (10–25°). Bu koşullar için önerilen türler: kızılçam, fıstıkçamı. Tür önerisi sistemin çıkarımı değil, dışarıdan verilen tablodan okunmuştur. Tablo: ÖRNEK TABLO — OGM tür-yetişme ortamı rehberi ile değiştirilecek",True
AKD_2023_02_001403,DIKIM_ADAYI,,0.014,"kızılçam, fıstıkçamı",toparlanma=0.01 <0.35,"Aktif dikim adayı. Doğal toparlanma zayıf kalıyor, eğim (16,7°) dikime elverişli.","Modelin tahminine göre yangın öncesi örtünün ancak %1 kadarı iki yılda geri gelecek — kendi başına kapanmayacak bir açık var. Yetişme ortamı: Akdeniz kuşağı, 614 m, orta eğimli (10–25°). Bu koşullar için önerilen türler: kızılçam, fıstıkçamı. Tür önerisi sistemin çıkarımı değil, dışarıdan verilen tablodan okunmuştur. Tablo: ÖRNEK TABLO — OGM tür-yetişme ortamı rehberi ile değiştirilecek",True
AKD_2023_02_001405,DIKIM_ADAYI,,0.0,"kızılçam, fıstıkçamı",toparlanma=0.00 <0.35,"Aktif dikim adayı. Doğal toparlanma zayıf kalıyor, eğim (24,0°) dikime elverişli.","Modelin tahminine göre yangın öncesi örtünün ancak %0 kadarı iki yılda geri gelecek — kendi başına kapanmayacak bir açık var. Yetişme ortamı: Akdeniz kuşağı, 691 m, orta eğimli (10–25°). Bu koşullar için önerilen türler: kızılçam, fıstıkçamı. Tür önerisi sistemin çıkarımı değil, dışarıdan verilen tablodan okunmuştur. Tablo: ÖRNEK TABLO — OGM tür-yetişme ortamı rehberi ile değiştirilecek",True
AKD_2023_02_001406,IZLE,DIK_YAMAC,,,prediction_status=low_severity,"İzle, müdahale etme. Yangın bu kareyi ağır yakmamış (düşük şiddet, dNBR 0,21).","Model bu rejimde tahmin üretmiyor. Kendi toparlanması bekleniyor, müdahale listesine alınmıyor. Eğim 30,4° ile yüksek; makineli çalışma sınırlı olabilir.",True
AKD_2023_02_001444,IZLE,ESKIDEN_ORMAN_DEGIL,,,prediction_status=low_severity,"İzle, müdahale etme. Yangın bu kareyi ağır yakmamış (düşük şiddet, dNBR 0,20).","Model bu rejimde tahmin üretmiyor. Kendi toparlanması bekleniyor, müdahale listesine alınmıyor. Yangın öncesi örtü nan idi; orman kurma değil, mevcut örtünün onarımı düşünülmeli.",True
AKD_2023_02_001445,DIKIM_ADAYI,ESKIDEN_ORMAN_DEGIL,0.0485,,toparlanma=0.05 <0.35,"Aktif dikim adayı. Doğal toparlanma zayıf kalıyor, eğim (17,6°) dikime elverişli.","Modelin tahminine göre yangın öncesi örtünün ancak %5 kadarı iki yılda geri gelecek — kendi başına kapanmayacak bir açık var. Yangın öncesi örtü nan idi; orman kurma değil, mevcut örtünün onarımı düşünülmeli. Yetişme ortamı: Akdeniz kuşağı, 867 m, orta eğimli (10–25°). Tür seçimi için yetişme ortamı rehberine başvurulmalı.",True
AKD_2023_02_001446,DIKIM_ADAYI,ESKIDEN_ORMAN_DEGIL,0.0,,toparlanma=0.00 <0.35,"Aktif dikim adayı. Doğal toparlanma zayıf kalıyor, eğim (23,0°) dikime elverişli.","Modelin tahminine göre yangın öncesi örtünün ancak %0 kadarı iki yılda geri gelecek — kendi başına kapanmayacak bir açık var. Yangın öncesi örtü nan idi; orman kurma değil, mevcut örtünün onarımı düşünülmeli. Yetişme ortamı: Akdeniz kuşağı, 789 m, orta eğimli (10–25°). Tür seçimi için yetişme ortamı rehberine başvurulmalı.",True
AKD_2023_02_001447,DIKIM_ADAYI,ESKIDEN_ORMAN_DEGIL,0.0399,,toparlanma=0.04 <0.35,"Aktif dikim adayı. Doğal toparlanma zayıf kalıyor, eğim (20,2°) dikime elverişli.","Modelin tahminine göre yangın öncesi örtünün ancak %4 kadarı iki yılda geri gelecek — kendi başına kapanmayacak bir açık var. Yangın öncesi örtü nan idi; orman kurma değil, mevcut örtünün onarımı düşünülmeli. Yetişme ortamı: Akdeniz kuşağı, 710 m, orta eğimli (10–25°). Tür seçimi için yetişme ortamı rehberine başvurulmalı.",True
AKD_2023_02_001448,DIKIM_ADAYI,,0.0,"kızılçam, fıstıkçamı",toparlanma=0.00 <0.35,"Aktif dikim adayı. Doğal toparlanma zayıf kalıyor, eğim (24,0°) dikime elverişli.","Modelin tahminine göre yangın öncesi örtünün ancak %0 kadarı iki yılda geri gelecek — kendi başına kapanmayacak bir açık var. Yetişme ortamı: Akdeniz kuşağı, 698 m, orta eğimli (10–25°). Bu koşullar için önerilen türler: kızılçam, fıstıkçamı. Tür önerisi sistemin çıkarımı değil, dışarıdan verilen tablodan okunmuştur. Tablo: ÖRNEK TABLO — OGM tür-yetişme ortamı rehberi ile değiştirilecek",True
AKD_2023_02_001449,DIKIM_ADAYI,,0.0,"kızılçam, fıstıkçamı",toparlanma=0.00 <0.35,"Aktif dikim adayı. Doğal toparlanma zayıf kalıyor, eğim (19,9°) dikime elverişli.","Modelin tahminine göre yangın öncesi örtünün ancak %0 kadarı iki yılda geri gelecek — kendi başına kapanmayacak bir açık var. Yetişme ortamı: Akdeniz kuşağı, 640 m, orta eğimli (10–25°). Bu koşullar için önerilen türler: kızılçam, fıstıkçamı. Tür önerisi sistemin çıkarımı değil, dışarıdan verilen tablodan okunmuştur. Tablo: ÖRNEK TABLO — OGM tür-yetişme ortamı rehberi ile değiştirilecek",True
AKD_2023_02_001450,DIKIM_ADAYI,,0.0,"kızılçam, fıstıkçamı",toparlanma=0.00 <0.35,"Aktif dikim adayı. Doğal toparlanma zayıf kalıyor, eğim (18,4°) dikime elverişli.","Modelin tahminine göre yangın öncesi örtünün ancak %0 kadarı iki yılda geri gelecek — kendi başına kapanmayacak bir açık var. Yetişme ortamı: Akdeniz kuşağı, 708 m, orta eğimli (10–25°). Bu koşullar için önerilen türler: kızılçam, fıstıkçamı. Tür önerisi sistemin çıkarımı değil, dışarıdan verilen tablodan okunmuştur. Tablo: ÖRNEK TABLO — OGM tür-yetişme ortamı rehberi ile değiştirilecek",True
AKD_2023_02_001451,DIKIM_ADAYI,,0.0,"kızılçam, fıstıkçamı",toparlanma=0.00 <0.35,"Aktif dikim adayı. Doğal toparlanma zayıf kalıyor, eğim (23,9°) dikime elverişli.","Modelin tahminine göre yangın öncesi örtünün ancak %0 kadarı iki yılda geri gelecek — kendi başına kapanmayacak bir açık var. Yetişme ortamı: Akdeniz kuşağı, 665 m, orta eğimli (10–25°). Bu koşullar için önerilen türler: kızılçam, fıstıkçamı. Tür önerisi sistemin çıkarımı değil, dışarıdan verilen tablodan okunmuştur. Tablo: ÖRNEK TABLO — OGM tür-yetişme ortamı rehberi ile değiştirilecek",True
AKD_2023_02_001452,IZLE,DIK_YAMAC,,,prediction_status=low_severity,"İzle, müdahale etme. Yangın bu kareyi ağır yakmamış (düşük şiddet, dNBR 0,26).","Model bu rejimde tahmin üretmiyor. Kendi toparlanması bekleniyor, müdahale listesine alınmıyor. Eğim 26,1° ile yüksek; makineli çalışma sınırlı olabilir.",True
AKD_2023_02_001491,IZLE,ESKIDEN_ORMAN_DEGIL,,,prediction_status=low_severity,"İzle, müdahale etme. Yangın bu kareyi ağır yakmamış (düşük şiddet, dNBR 0,19).","Model bu rejimde tahmin üretmiyor. Kendi toparlanması bekleniyor, müdahale listesine alınmıyor. Yangın öncesi örtü nan idi; orman kurma değil, mevcut örtünün onarımı düşünülmeli.",True
AKD_2023_02_001492,DIKIM_ADAYI,ESKIDEN_ORMAN_DEGIL,0.0,,toparlanma=0.00 <0.35,"Aktif dikim adayı. Doğal toparlanma zayıf kalıyor, eğim (24,0°) dikime elverişli.","Modelin tahminine göre yangın öncesi örtünün ancak %0 kadarı iki yılda geri gelecek — kendi başına kapanmayacak bir açık var. Yangın öncesi örtü nan idi; orman kurma değil, mevcut örtünün onarımı düşünülmeli. Yetişme ortamı: Akdeniz kuşağı, 799 m, orta eğimli (10–25°). Tür seçimi için yetişme ortamı rehberine başvurulmalı.",True
AKD_2023_02_001493,DIKIM_ADAYI,ESKIDEN_ORMAN_DEGIL,0.0,,toparlanma=0.00 <0.35,"Aktif dikim adayı. Doğal toparlanma zayıf kalıyor, eğim (24,0°) dikime elverişli.","Modelin tahminine göre yangın öncesi örtünün ancak %0 kadarı iki yılda geri gelecek — kendi başına kapanmayacak bir açık var. Yangın öncesi örtü nan idi; orman kurma değil, mevcut örtünün onarımı düşünülmeli. Yetişme ortamı: Akdeniz kuşağı, 796 m, orta eğimli (10–25°). Tür seçimi için yetişme ortamı rehberine başvurulmalı.",True
AKD_2023_02_001494,DIKIM_ADAYI,,0.0,"kızılçam, fıstıkçamı",toparlanma=0.00 <0.35,"Aktif dikim adayı. Doğal toparlanma zayıf kalıyor, eğim (20,3°) dikime elverişli.","Modelin tahminine göre yangın öncesi örtünün ancak %0 kadarı iki yılda geri gelecek — kendi başına kapanmayacak bir açık var. Yetişme ortamı: Akdeniz kuşağı, 781 m, orta eğimli (10–25°). Bu koşullar için önerilen türler: kızılçam, fıstıkçamı. Tür önerisi sistemin çıkarımı değil, dışarıdan verilen tablodan okunmuştur. Tablo: ÖRNEK TABLO — OGM tür-yetişme ortamı rehberi ile değiştirilecek",True
AKD_2023_02_001495,DIKIM_ADAYI,,0.0,"kızılçam, fıstıkçamı",toparlanma=0.00 <0.35,"Aktif dikim adayı. Doğal toparlanma zayıf kalıyor, eğim (21,2°) dikime elverişli.","Modelin tahminine göre yangın öncesi örtünün ancak %0 kadarı iki yılda geri gelecek — kendi başına kapanmayacak bir açık var. Yetişme ortamı: Akdeniz kuşağı, 714 m, orta eğimli (10–25°). Bu koşullar için önerilen türler: kızılçam, fıstıkçamı. Tür önerisi sistemin çıkarımı değil, dışarıdan verilen tablodan okunmuştur. Tablo: ÖRNEK TABLO — OGM tür-yetişme ortamı rehberi ile değiştirilecek",True
AKD_2023_02_001496,DIKIM_ADAYI,,0.0524,"kızılçam, fıstıkçamı",toparlanma=0.05 <0.35,"Aktif dikim adayı. Doğal toparlanma zayıf kalıyor, eğim (9,0°) dikime elverişli.","Modelin tahminine göre yangın öncesi örtünün ancak %5 kadarı iki yılda geri gelecek — kendi başına kapanmayacak bir açık var. Yetişme ortamı: Akdeniz kuşağı, 711 m, düz-hafif eğimli (0–10°). Bu koşullar için önerilen türler: kızılçam, fıstıkçamı. Tür önerisi sistemin çıkarımı değil, dışarıdan verilen tablodan okunmuştur. Tablo: ÖRNEK TABLO — OGM tür-yetişme ortamı rehberi ile değiştirilecek",True
AKD_2023_02_001497,DIKIM_ADAYI,,0.0317,"kızılçam, fıstıkçamı",toparlanma=0.03 <0.35,"Aktif dikim adayı. Doğal toparlanma zayıf kalıyor, eğim (20,2°) dikime elverişli.","Modelin tahminine göre yangın öncesi örtünün ancak %3 kadarı iki yılda geri gelecek — kendi başına kapanmayacak bir açık var. Yetişme ortamı: Akdeniz kuşağı, 660 m, orta eğimli (10–25°). Bu koşullar için önerilen türler: kızılçam, fıstıkçamı. Tür önerisi sistemin çıkarımı değil, dışarıdan verilen tablodan okunmuştur. Tablo: ÖRNEK TABLO — OGM tür-yetişme ortamı rehberi ile değiştirilecek",True
AKD_2023_02_001498,DIKIM_ADAYI,,0.0553,"kızılçam, fıstıkçamı",toparlanma=0.06 <0.35,"Aktif dikim adayı. Doğal toparlanma zayıf kalıyor, eğim (22,9°) dikime elverişli.","Modelin tahminine göre yangın öncesi örtünün ancak %6 kadarı iki yılda geri gelecek — kendi başına kapanmayacak bir açık var. Yetişme ortamı: Akdeniz kuşağı, 560 m, orta eğimli (10–25°). Bu koşullar için önerilen türler: kızılçam, fıstıkçamı. Tür önerisi sistemin çıkarımı değil, dışarıdan verilen tablodan okunmuştur. Tablo: ÖRNEK TABLO — OGM tür-yetişme ortamı rehberi ile değiştirilecek",True
AKD_2023_02_001536,IZLE,ESKIDEN_ORMAN_DEGIL,,,prediction_status=low_severity,"İzle, müdahale etme. Yangın bu kareyi ağır yakmamış (düşük şiddet, dNBR 0,21).","Model bu rejimde tahmin üretmiyor. Kendi toparlanması bekleniyor, müdahale listesine alınmıyor. Yangın öncesi örtü nan idi; orman kurma değil, mevcut örtünün onarımı düşünülmeli.",True
AKD_2023_02_001537,IZLE,ESKIDEN_ORMAN_DEGIL|DIK_YAMAC,,,prediction_status=low_severity,"İzle, müdahale etme. Yangın bu kareyi ağır yakmamış (düşük şiddet, dNBR 0,23).","Model bu rejimde tahmin üretmiyor. Kendi toparlanması bekleniyor, müdahale listesine alınmıyor. Yangın öncesi örtü nan idi; orman kurma değil, mevcut örtünün onarımı düşünülmeli. Eğim 26,5° ile yüksek; makineli çalışma sınırlı olabilir.",True
AKD_2023_02_001538,DIKIM_ADAYI,ESKIDEN_ORMAN_DEGIL,0.0397,,toparlanma=0.04 <0.35,"Aktif dikim adayı. Doğal toparlanma zayıf kalıyor, eğim (23,0°) dikime elverişli.","Modelin tahminine göre yangın öncesi örtünün ancak %4 kadarı iki yılda geri gelecek — kendi başına kapanmayacak bir açık var. Yangın öncesi örtü nan idi; orman kurma değil, mevcut örtünün onarımı düşünülmeli. Yetişme ortamı: Akdeniz kuşağı, 922 m, orta eğimli (10–25°). Tür seçimi için yetişme ortamı rehberine başvurulmalı.",True
AKD_2023_02_001539,DIKIM_ADAYI,ESKIDEN_ORMAN_DEGIL,0.0767,,toparlanma=0.08 <0.35,"Aktif dikim adayı. Doğal toparlanma zayıf kalıyor, eğim (14,5°) dikime elverişli.","Modelin tahminine göre yangın öncesi örtünün ancak %8 kadarı iki yılda geri gelecek — kendi başına kapanmayacak bir açık var. Yangın öncesi örtü nan idi; orman kurma değil, mevcut örtünün onarımı düşünülmeli. Yetişme ortamı: Akdeniz kuşağı, 867 m, orta eğimli (10–25°). Tür seçimi için yetişme ortamı rehberine başvurulmalı.",True
AKD_2023_02_001540,DIKIM_ADAYI,,0.0459,"karaçam, sedir",toparlanma=0.05 <0.35,"Aktif dikim adayı. Doğal toparlanma zayıf kalıyor, eğim (14,8°) dikime elverişli.","Modelin tahminine göre yangın öncesi örtünün ancak %5 kadarı iki yılda geri gelecek — kendi başına kapanmayacak bir açık var. Yetişme ortamı: Akdeniz kuşağı, 817 m, orta eğimli (10–25°). Bu koşullar için önerilen türler: karaçam, sedir. Tür önerisi sistemin çıkarımı değil, dışarıdan verilen tablodan okunmuştur. Tablo: ÖRNEK TABLO — OGM tür-yetişme ortamı rehberi ile değiştirilecek",True
AKD_2023_02_001541,DIKIM_ADAYI,AGIR_YANMIS,0.0132,"kızılçam, fıstıkçamı",toparlanma=0.01 <0.35,"Aktif dikim adayı. Doğal toparlanma zayıf kalıyor, eğim (14,1°) dikime elverişli.","Modelin tahminine göre yangın öncesi örtünün ancak %1 kadarı iki yılda geri gelecek — kendi başına kapanmayacak bir açık var. Yangın orta-yüksek şiddet sınıfında (dNBR 0,45); toprak yüzeyi büyük olasılıkla açıkta. Yetişme ortamı: Akdeniz kuşağı, 751 m, orta eğimli (10–25°). Bu koşullar için önerilen türler: kızılçam, fıstıkçamı. Tür önerisi sistemin çıkarımı değil, dışarıdan verilen tablodan okunmuştur. Tablo: ÖRNEK TABLO — OGM tür-yetişme ortamı rehberi ile değiştirilecek",True
AKD_2023_02_001542,DIKIM_ADAYI,AGIR_YANMIS,0.048,"kızılçam, fıstıkçamı",toparlanma=0.05 <0.35,"Aktif dikim adayı. Doğal toparlanma zayıf kalıyor, eğim (15,5°) dikime elverişli.","Modelin tahminine göre yangın öncesi örtünün ancak %5 kadarı iki yılda geri gelecek — kendi başına kapanmayacak bir açık var. Yangın orta-yüksek şiddet sınıfında (dNBR 0,46); toprak yüzeyi büyük olasılıkla açıkta. Yetişme ortamı: Akdeniz kuşağı, 722 m, orta eğimli (10–25°). Bu koşullar için önerilen türler: kızılçam, fıstıkçamı. Tür önerisi sistemin çıkarımı değil, dışarıdan verilen tablodan okunmuştur. Tablo: ÖRNEK TABLO — OGM tür-yetişme ortamı rehberi ile değiştirilecek",True
AKD_2023_02_001543,DIKIM_ADAYI,,0.1854,"kızılçam, fıstıkçamı",toparlanma=0.19 <0.35,"Aktif dikim adayı. Doğal toparlanma zayıf kalıyor, eğim (23,9°) dikime elverişli.","Modelin tahminine göre yangın öncesi örtünün ancak %19 kadarı iki yılda geri gelecek — kendi başına kapanmayacak bir açık var. Yetişme ortamı: Akdeniz kuşağı, 625 m, orta eğimli (10–25°). Bu koşullar için önerilen türler: kızılçam, fıstıkçamı. Tür önerisi sistemin çıkarımı değil, dışarıdan verilen tablodan okunmuştur. Tablo: ÖRNEK TABLO — OGM tür-yetişme ortamı rehberi ile değiştirilecek",True
AKD_2023_02_001581,IZLE,ESKIDEN_ORMAN_DEGIL,,,prediction_status=low_severity,"İzle, müdahale etme. Yangın bu kareyi ağır yakmamış (düşük şiddet, dNBR 0,27).","Model bu rejimde tahmin üretmiyor. Kendi toparlanması bekleniyor, müdahale listesine alınmıyor. Yangın öncesi örtü nan idi; orman kurma değil, mevcut örtünün onarımı düşünülmeli.",True
AKD_2023_02_001582,DIKIM_ADAYI,ESKIDEN_ORMAN_DEGIL,0.0461,,toparlanma=0.05 <0.35,"Aktif dikim adayı. Doğal toparlanma zayıf kalıyor, eğim (18,2°) dikime elverişli.","Modelin tahminine göre yangın öncesi örtünün ancak %5 kadarı iki yılda geri gelecek — kendi başına kapanmayacak bir açık var. Yangın öncesi örtü nan idi; orman kurma değil, mevcut örtünün onarımı düşünülmeli. Yetişme ortamı: Akdeniz kuşağı, 1073 m, orta eğimli (10–25°). Tür seçimi için yetişme ortamı rehberine başvurulmalı.",True
AKD_2023_02_001583,DIKIM_ADAYI,ESKIDEN_ORMAN_DEGIL|AGIR_YANMIS,0.0472,,toparlanma=0.05 <0.35,"Aktif dikim adayı. Doğal toparlanma zayıf kalıyor, eğim (16,5°) dikime elverişli.","Modelin tahminine göre yangın öncesi örtünün ancak %5 kadarı iki yılda geri gelecek — kendi başına kapanmayacak bir açık var. Yangın öncesi örtü nan idi; orman kurma değil, mevcut örtünün onarımı düşünülmeli. Yangın orta-yüksek şiddet sınıfında (dNBR 0,46); toprak yüzeyi büyük olasılıkla açıkta. Yetişme ortamı: Akdeniz kuşağı, 1026 m, orta eğimli (10–25°). Tür seçimi için yetişme ortamı rehberine başvurulmalı.",True
AKD_2023_02_001584,DIKIM_ADAYI,ESKIDEN_ORMAN_DEGIL|AGIR_YANMIS,0.0226,,toparlanma=0.02 <0.35,"Aktif dikim adayı. Doğal toparlanma zayıf kalıyor, eğim (20,4°) dikime elverişli.","Modelin tahminine göre yangın öncesi örtünün ancak %2 kadarı iki yılda geri gelecek — kendi başına kapanmayacak bir açık var. Yangın öncesi örtü nan idi; orman kurma değil, mevcut örtünün onarımı düşünülmeli. Yangın orta-yüksek şiddet sınıfında (dNBR 0,50); toprak yüzeyi büyük olasılıkla açıkta. Yetişme ortamı: Akdeniz kuşağı, 954 m, orta eğimli (10–25°). Tür seçimi için yetişme ortamı rehberine başvurulmalı.",True
AKD_2023_02_001585,DIKIM_ADAYI,ESKIDEN_ORMAN_DEGIL,0.0791,,toparlanma=0.08 <0.35,"Aktif dikim adayı. Doğal toparlanma zayıf kalıyor, eğim (17,6°) dikime elverişli.","Modelin tahminine göre yangın öncesi örtünün ancak %8 kadarı iki yılda geri gelecek — kendi başına kapanmayacak bir açık var. Yangın öncesi örtü nan idi; orman kurma değil, mevcut örtünün onarımı düşünülmeli. Yetişme ortamı: Akdeniz kuşağı, 871 m, orta eğimli (10–25°). Tür seçimi için yetişme ortamı rehberine başvurulmalı.",True
AKD_2023_02_001586,DIKIM_ADAYI,,0.0697,"karaçam, sedir",toparlanma=0.07 <0.35,"Aktif dikim adayı. Doğal toparlanma zayıf kalıyor, eğim (14,0°) dikime elverişli.","Modelin tahminine göre yangın öncesi örtünün ancak %7 kadarı iki yılda geri gelecek — kendi başına kapanmayacak bir açık var. Yetişme ortamı: Akdeniz kuşağı, 810 m, orta eğimli (10–25°). Bu koşullar için önerilen türler: karaçam, sedir. Tür önerisi sistemin çıkarımı değil, dışarıdan verilen tablodan okunmuştur. Tablo: ÖRNEK TABLO — OGM tür-yetişme ortamı rehberi ile değiştirilecek",True
AKD_2023_02_001587,DIKIM_ADAYI,,0.0663,"kızılçam, fıstıkçamı",toparlanma=0.07 <0.35,"Aktif dikim adayı. Doğal toparlanma zayıf kalıyor, eğim (15,3°) dikime elverişli.","Modelin tahminine göre yangın öncesi örtünün ancak %7 kadarı iki yılda geri gelecek — kendi başına kapanmayacak bir açık var. Yetişme ortamı: Akdeniz kuşağı, 791 m, orta eğimli (10–25°). Bu koşullar için önerilen türler: kızılçam, fıstıkçamı. Tür önerisi sistemin çıkarımı değil, dışarıdan verilen tablodan okunmuştur. Tablo: ÖRNEK TABLO — OGM tür-yetişme ortamı rehberi ile değiştirilecek",True
AKD_2023_02_001588,DIKIM_ADAYI,AGIR_YANMIS,0.0136,"kızılçam, fıstıkçamı",toparlanma=0.01 <0.35,"Aktif dikim adayı. Doğal toparlanma zayıf kalıyor, eğim (22,2°) dikime elverişli.","Modelin tahminine göre yangın öncesi örtünün ancak %1 kadarı iki yılda geri gelecek — kendi başına kapanmayacak bir açık var. Yangın orta-yüksek şiddet sınıfında (dNBR 0,49); toprak yüzeyi büyük olasılıkla açıkta. Yetişme ortamı: Akdeniz kuşağı, 748 m, orta eğimli (10–25°). Bu koşullar için önerilen türler: kızılçam, fıstıkçamı. Tür önerisi sistemin çıkarımı değil, dışarıdan verilen tablodan okunmuştur. Tablo: ÖRNEK TABLO — OGM tür-yetişme ortamı rehberi ile değiştirilecek",True
AKD_2023_02_001589,DIKIM_ADAYI,,0.1993,"kızılçam, fıstıkçamı",toparlanma=0.20 <0.35,"Aktif dikim adayı. Doğal toparlanma zayıf kalıyor, eğim (23,4°) dikime elverişli.","Modelin tahminine göre yangın öncesi örtünün ancak %20 kadarı iki yılda geri gelecek — kendi başına kapanmayacak bir açık var. Yetişme ortamı: Akdeniz kuşağı, 635 m, orta eğimli (10–25°). Bu koşullar için önerilen türler: kızılçam, fıstıkçamı. Tür önerisi sistemin çıkarımı değil, dışarıdan verilen tablodan okunmuştur. Tablo: ÖRNEK TABLO — OGM tür-yetişme ortamı rehberi ile değiştirilecek",True
AKD_2023_02_001626,IZLE,ESKIDEN_ORMAN_DEGIL,,,prediction_status=low_severity,"İzle, müdahale etme. Yangın bu kareyi ağır yakmamış (düşük şiddet, dNBR 0,19).","Model bu rejimde tahmin üretmiyor. Kendi toparlanması bekleniyor, müdahale listesine alınmıyor. Yangın öncesi örtü nan idi; orman kurma değil, mevcut örtünün onarımı düşünülmeli.",True
AKD_2023_02_001627,DIKIM_ADAYI,ESKIDEN_ORMAN_DEGIL,0.1325,,toparlanma=0.13 <0.35,"Aktif dikim adayı. Doğal toparlanma zayıf kalıyor, eğim (11,2°) dikime elverişli.","Modelin tahminine göre yangın öncesi örtünün ancak %13 kadarı iki yılda geri gelecek — kendi başına kapanmayacak bir açık var. Yangın öncesi örtü nan idi; orman kurma değil, mevcut örtünün onarımı düşünülmeli. Yetişme ortamı: Akdeniz kuşağı, 1157 m, orta eğimli (10–25°). Tür seçimi için yetişme ortamı rehberine başvurulmalı.",True
AKD_2023_02_001628,DIKIM_ADAYI,ESKIDEN_ORMAN_DEGIL|AGIR_YANMIS,0.0787,,toparlanma=0.08 <0.35,"Aktif dikim adayı. Doğal toparlanma zayıf kalıyor, eğim (15,1°) dikime elverişli.","Modelin tahminine göre yangın öncesi örtünün ancak %8 kadarı iki yılda geri gelecek — kendi başına kapanmayacak bir açık var. Yangın öncesi örtü nan idi; orman kurma değil, mevcut örtünün onarımı düşünülmeli. Yangın orta-yüksek şiddet sınıfında (dNBR 0,46); toprak yüzeyi büyük olasılıkla açıkta. Yetişme ortamı: Akdeniz kuşağı, 1116 m, orta eğimli (10–25°). Tür seçimi için yetişme ortamı rehberine başvurulmalı.",True
AKD_2023_02_001629,DIKIM_ADAYI,ESKIDEN_ORMAN_DEGIL|AGIR_YANMIS,0.0007,,toparlanma=0.00 <0.35,"Aktif dikim adayı. Doğal toparlanma zayıf kalıyor, eğim (19,3°) dikime elverişli.","Modelin tahminine göre yangın öncesi örtünün ancak %0 kadarı iki yılda geri gelecek — kendi başına kapanmayacak bir açık var. Yangın öncesi örtü nan idi; orman kurma değil, mevcut örtünün onarımı düşünülmeli. Yangın orta-yüksek şiddet sınıfında (dNBR 0,45); toprak yüzeyi büyük olasılıkla açıkta. Yetişme ortamı: Akdeniz kuşağı, 1057 m, orta eğimli (10–25°). Tür seçimi için yetişme ortamı rehberine başvurulmalı.",True
AKD_2023_02_001630,DIKIM_ADAYI,ESKIDEN_ORMAN_DEGIL|AGIR_YANMIS,0.0,,toparlanma=0.00 <0.35,"Aktif dikim adayı. Doğal toparlanma zayıf kalıyor, eğim (17,6°) dikime elverişli.","Modelin tahminine göre yangın öncesi örtünün ancak %0 kadarı iki yılda geri gelecek — kendi başına kapanmayacak bir açık var. Yangın öncesi örtü nan idi; orman kurma değil, mevcut örtünün onarımı düşünülmeli. Yangın orta-yüksek şiddet sınıfında (dNBR 0,49); toprak yüzeyi büyük olasılıkla açıkta. Yetişme ortamı: Akdeniz kuşağı, 974 m, orta eğimli (10–25°). Tür seçimi için yetişme ortamı rehberine başvurulmalı.",True
AKD_2023_02_001631,DIKIM_ADAYI,ESKIDEN_ORMAN_DEGIL|AGIR_YANMIS,0.0366,,toparlanma=0.04 <0.35,"Aktif dikim adayı. Doğal toparlanma zayıf kalıyor, eğim (19,5°) dikime elverişli.","Modelin tahminine göre yangın öncesi örtünün ancak %4 kadarı iki yılda geri gelecek — kendi başına kapanmayacak bir açık var. Yangın öncesi örtü nan idi; orman kurma değil, mevcut örtünün onarımı düşünülmeli. Yangın orta-yüksek şiddet sınıfında (dNBR 0,48); toprak yüzeyi büyük olasılıkla açıkta. Yetişme ortamı: Akdeniz kuşağı, 916 m, orta eğimli (10–25°). Tür seçimi için yetişme ortamı rehberine başvurulmalı.",True
AKD_2023_02_001632,DIKIM_ADAYI,AGIR_YANMIS,0.0528,"karaçam, sedir",toparlanma=0.05 <0.35,"Aktif dikim adayı. Doğal toparlanma zayıf kalıyor, eğim (21,3°) dikime elverişli.","Modelin tahminine göre yangın öncesi örtünün ancak %5 kadarı iki yılda geri gelecek — kendi başına kapanmayacak bir açık var. Yangın orta-yüksek şiddet sınıfında (dNBR 0,49); toprak yüzeyi büyük olasılıkla açıkta. Yetişme ortamı: Akdeniz kuşağı, 891 m, orta eğimli (10–25°). Bu koşullar için önerilen türler: karaçam, sedir. Tür önerisi sistemin çıkarımı değil, dışarıdan verilen tablodan okunmuştur. Tablo: ÖRNEK TABLO — OGM tür-yetişme ortamı rehberi ile değiştirilecek",True
AKD_2023_02_001633,DIKIM_ADAYI,,0.0671,"karaçam, sedir",toparlanma=0.07 <0.35,"Aktif dikim adayı. Doğal toparlanma zayıf kalıyor, eğim (21,9°) dikime elverişli.","Modelin tahminine göre yangın öncesi örtünün ancak %7 kadarı iki yılda geri gelecek — kendi başına kapanmayacak bir açık var. Yetişme ortamı: Akdeniz kuşağı, 844 m, orta eğimli (10–25°). Bu koşullar için önerilen türler: karaçam, sedir. Tür önerisi sistemin çıkarımı değil, dışarıdan verilen tablodan okunmuştur. Tablo: ÖRNEK TABLO — OGM tür-yetişme ortamı rehberi ile değiştirilecek",True
AKD_2023_02_001634,IZLE,,,,prediction_status=low_severity,"İzle, müdahale etme. Yangın bu kareyi ağır yakmamış (düşük şiddet, dNBR 0,20).","Model bu rejimde tahmin üretmiyor. Kendi toparlanması bekleniyor, müdahale listesine alınmıyor.",True
AKD_2023_02_001635,DIKIM_ADAYI,,0.168,"kızılçam, fıstıkçamı",toparlanma=0.17 <0.35,"Aktif dikim adayı. Doğal toparlanma zayıf kalıyor, eğim (22,4°) dikime elverişli.","Modelin tahminine göre yangın öncesi örtünün ancak %17 kadarı iki yılda geri gelecek — kendi başına kapanmayacak bir açık var. Yetişme ortamı: Akdeniz kuşağı, 634 m, orta eğimli (10–25°). Bu koşullar için önerilen türler: kızılçam, fıstıkçamı. Tür önerisi sistemin çıkarımı değil, dışarıdan verilen tablodan okunmuştur. Tablo: ÖRNEK TABLO — OGM tür-yetişme ortamı rehberi ile değiştirilecek",True
AKD_2023_02_001673,IZLE,ESKIDEN_ORMAN_DEGIL,,,prediction_status=low_severity,"İzle, müdahale etme. Yangın bu kareyi ağır yakmamış (düşük şiddet, dNBR 0,22).","Model bu rejimde tahmin üretmiyor. Kendi toparlanması bekleniyor, müdahale listesine alınmıyor. Yangın öncesi örtü nan idi; orman kurma değil, mevcut örtünün onarımı düşünülmeli.",True
AKD_2023_02_001674,DIKIM_ADAYI,ESKIDEN_ORMAN_DEGIL,0.1857,,toparlanma=0.19 <0.35,"Aktif dikim adayı. Doğal toparlanma zayıf kalıyor, eğim (15,7°) dikime elverişli.","Modelin tahminine göre yangın öncesi örtünün ancak %19 kadarı iki yılda geri gelecek — kendi başına kapanmayacak bir açık var. Yangın öncesi örtü nan idi; orman kurma değil, mevcut örtünün onarımı düşünülmeli. Yetişme ortamı: Akdeniz kuşağı, 1150 m, orta eğimli (10–25°). Tür seçimi için yetişme ortamı rehberine başvurulmalı.",True
AKD_2023_02_001675,DIKIM_ADAYI,ESKIDEN_ORMAN_DEGIL,0.0163,,toparlanma=0.02 <0.35,"Aktif dikim adayı. Doğal toparlanma zayıf kalıyor, eğim (18,5°) dikime elverişli.","Modelin tahminine göre yangın öncesi örtünün ancak %2 kadarı iki yılda geri gelecek — kendi başına kapanmayacak bir açık var. Yangın öncesi örtü nan idi; orman kurma değil, mevcut örtünün onarımı düşünülmeli. Yetişme ortamı: Akdeniz kuşağı, 1086 m, orta eğimli (10–25°). Tür seçimi için yetişme ortamı rehberine başvurulmalı.",True
AKD_2023_02_001676,DIKIM_ADAYI,ESKIDEN_ORMAN_DEGIL,0.0559,,toparlanma=0.06 <0.35,"Aktif dikim adayı. Doğal toparlanma zayıf kalıyor, eğim (15,2°) dikime elverişli.","Modelin tahminine göre yangın öncesi örtünün ancak %6 kadarı iki yılda geri gelecek — kendi başına kapanmayacak bir açık var. Yangın öncesi örtü nan idi; orman kurma değil, mevcut örtünün onarımı düşünülmeli. Yetişme ortamı: Akdeniz kuşağı, 1030 m, orta eğimli (10–25°). Tür seçimi için yetişme ortamı rehberine başvurulmalı.",True
AKD_2023_02_001677,DIKIM_ADAYI,ESKIDEN_ORMAN_DEGIL,0.0764,,toparlanma=0.08 <0.35,"Aktif dikim adayı. Doğal toparlanma zayıf kalıyor, eğim (21,1°) dikime elverişli.","Modelin tahminine göre yangın öncesi örtünün ancak %8 kadarı iki yılda geri gelecek — kendi başına kapanmayacak bir açık var. Yangın öncesi örtü nan idi; orman kurma değil, mevcut örtünün onarımı düşünülmeli. Yetişme ortamı: Akdeniz kuşağı, 996 m, orta eğimli (10–25°). Tür seçimi için yetişme ortamı rehberine başvurulmalı.",True
AKD_2023_02_001678,DIKIM_ADAYI,,0.2253,"karaçam, sedir",toparlanma=0.23 <0.35,"Aktif dikim adayı. Doğal toparlanma zayıf kalıyor, eğim (24,7°) dikime elverişli.","Modelin tahminine göre yangın öncesi örtünün ancak %23 kadarı iki yılda geri gelecek — kendi başına kapanmayacak bir açık var. Yetişme ortamı: Akdeniz kuşağı, 931 m, orta eğimli (10–25°). Bu koşullar için önerilen türler: karaçam, sedir. Tür önerisi sistemin çıkarımı değil, dışarıdan verilen tablodan okunmuştur. Tablo: ÖRNEK TABLO — OGM tür-yetişme ortamı rehberi ile değiştirilecek",True
AKD_2023_02_001680,IZLE,ESKIDEN_ORMAN_DEGIL,,,prediction_status=low_severity,"İzle, müdahale etme. Yangın bu kareyi ağır yakmamış (düşük şiddet, dNBR 0,18).","Model bu rejimde tahmin üretmiyor. Kendi toparlanması bekleniyor, müdahale listesine alınmıyor. Yangın öncesi örtü otlak ve çalılık idi; orman kurma değil, mevcut örtünün onarımı düşünülmeli.",True
AKD_2023_02_001681,IZLE,,,,prediction_status=low_severity,"İzle, müdahale etme. Yangın bu kareyi ağır yakmamış (düşük şiddet, dNBR 0,15).","Model bu rejimde tahmin üretmiyor. Kendi toparlanması bekleniyor, müdahale listesine alınmıyor.",True
AKD_2023_02_002214,IZLE,ESKIDEN_ORMAN_DEGIL,,,prediction_status=low_severity,"İzle, müdahale etme. Yangın bu kareyi ağır yakmamış (düşük şiddet, dNBR 0,11).","Model bu rejimde tahmin üretmiyor. Kendi toparlanması bekleniyor, müdahale listesine alınmıyor. Yangın öncesi örtü nan idi; orman kurma değil, mevcut örtünün onarımı düşünülmeli.",True
AKD_2023_02_002215,IZLE,ESKIDEN_ORMAN_DEGIL,,,prediction_status=low_severity,"İzle, müdahale etme. Yangın bu kareyi ağır yakmamış (düşük şiddet, dNBR 0,10).","Model bu rejimde tahmin üretmiyor. Kendi toparlanması bekleniyor, müdahale listesine alınmıyor. Yangın öncesi örtü nan idi; orman kurma değil, mevcut örtünün onarımı düşünülmeli.",True
AKD_2023_02_002260,IZLE,ESKIDEN_ORMAN_DEGIL,,,prediction_status=low_severity,"İzle, müdahale etme. Yangın bu kareyi ağır yakmamış (düşük şiddet, dNBR 0,12).","Model bu rejimde tahmin üretmiyor. Kendi toparlanması bekleniyor, müdahale listesine alınmıyor. Yangın öncesi örtü nan idi; orman kurma değil, mevcut örtünün onarımı düşünülmeli.",True
AKD_2023_02_002303,IZLE,ESKIDEN_ORMAN_DEGIL,,,prediction_status=low_severity,"İzle, müdahale etme. Yangın bu kareyi ağır yakmamış (düşük şiddet, dNBR 0,17).","Model bu rejimde tahmin üretmiyor. Kendi toparlanması bekleniyor, müdahale listesine alınmıyor. Yangın öncesi örtü nan idi; orman kurma değil, mevcut örtünün onarımı düşünülmeli.",True
AKD_2023_02_002304,IZLE,ESKIDEN_ORMAN_DEGIL,,,prediction_status=low_severity,"İzle, müdahale etme. Yangın bu kareyi ağır yakmamış (düşük şiddet, dNBR 0,17).","Model bu rejimde tahmin üretmiyor. Kendi toparlanması bekleniyor, müdahale listesine alınmıyor. Yangın öncesi örtü nan idi; orman kurma değil, mevcut örtünün onarımı düşünülmeli.",True
AKD_2023_02_002348,IZLE,ESKIDEN_ORMAN_DEGIL,,,prediction_status=low_severity,"İzle, müdahale etme. Yangın bu kareyi ağır yakmamış (düşük şiddet, dNBR 0,12).","Model bu rejimde tahmin üretmiyor. Kendi toparlanması bekleniyor, müdahale listesine alınmıyor. Yangın öncesi örtü nan idi; orman kurma değil, mevcut örtünün onarımı düşünülmeli.",True
AKD_2023_02_002349,IZLE,ESKIDEN_ORMAN_DEGIL,,,prediction_status=low_severity,"İzle, müdahale etme. Yangın bu kareyi ağır yakmamış (düşük şiddet, dNBR 0,15).","Model bu rejimde tahmin üretmiyor. Kendi toparlanması bekleniyor, müdahale listesine alınmıyor. Yangın öncesi örtü nan idi; orman kurma değil, mevcut örtünün onarımı düşünülmeli.",True
AKD_2023_02_002350,IZLE,ESKIDEN_ORMAN_DEGIL,,,prediction_status=low_severity,"İzle, müdahale etme. Yangın bu kareyi ağır yakmamış (düşük şiddet, dNBR 0,12).","Model bu rejimde tahmin üretmiyor. Kendi toparlanması bekleniyor, müdahale listesine alınmıyor. Yangın öncesi örtü nan idi; orman kurma değil, mevcut örtünün onarımı düşünülmeli.",True
AKD_2023_02_002393,IZLE,ESKIDEN_ORMAN_DEGIL,,,prediction_status=low_severity,"İzle, müdahale etme. Yangın bu kareyi ağır yakmamış (düşük şiddet, dNBR 0,11).","Model bu rejimde tahmin üretmiyor. Kendi toparlanması bekleniyor, müdahale listesine alınmıyor. Yangın öncesi örtü nan idi; orman kurma değil, mevcut örtünün onarımı düşünülmeli.",True
AKD_2023_02_002396,IZLE,ESKIDEN_ORMAN_DEGIL,,,prediction_status=low_severity,"İzle, müdahale etme. Yangın bu kareyi ağır yakmamış (düşük şiddet, dNBR 0,10).","Model bu rejimde tahmin üretmiyor. Kendi toparlanması bekleniyor, müdahale listesine alınmıyor. Yangın öncesi örtü nan idi; orman kurma değil, mevcut örtünün onarımı düşünülmeli.",True
AKD_2023_02_002441,IZLE,ESKIDEN_ORMAN_DEGIL,,,prediction_status=low_severity,"İzle, müdahale etme. Yangın bu kareyi ağır yakmamış (düşük şiddet, dNBR 0,11).","Model bu rejimde tahmin üretmiyor. Kendi toparlanması bekleniyor, müdahale listesine alınmıyor. Yangın öncesi örtü nan idi; orman kurma değil, mevcut örtünün onarımı düşünülmeli.",True
AKD_2023_02_002486,IZLE,ESKIDEN_ORMAN_DEGIL,,,prediction_status=low_severity,"İzle, müdahale etme. Yangın bu kareyi ağır yakmamış (düşük şiddet, dNBR 0,12).","Model bu rejimde tahmin üretmiyor. Kendi toparlanması bekleniyor, müdahale listesine alınmıyor. Yangın öncesi örtü nan idi; orman kurma değil, mevcut örtünün onarımı düşünülmeli.",True
AKD_2023_02_002487,IZLE,ESKIDEN_ORMAN_DEGIL,,,prediction_status=low_severity,"İzle, müdahale etme. Yangın bu kareyi ağır yakmamış (düşük şiddet, dNBR 0,11).","Model bu rejimde tahmin üretmiyor. Kendi toparlanması bekleniyor, müdahale listesine alınmıyor. Yangın öncesi örtü nan idi; orman kurma değil, mevcut örtünün onarımı düşünülmeli.",True
